ALTER PROFILE,,,,,,Can Maintain Accounts/Profiles,%,%,Y,,,,,,,,BOTH,11.2.0.4,0,200714
ALTER SYSTEM,,,,,,Allow Fine Grained Control of System Parameters,%,%,Y,,,,,,,,BOTH,11.2.0.4,0,200714
ALTER USER,,,,,,Can Maintain Own Account,%,%,Y,,,,,,,,BOTH,11.2.0.4,0,200714
CHANGE PASSWORD,,,,,,Can Maintain Own Account,%,%,Y,,,,,,,,BOTH,11.2.0.4,0,200714
CREATE PROFILE,,,,,,Can Maintain Accounts/Profiles,%,%,Y,,,,,,,,BOTH,11.2.0.4,0,200714
CREATE USER,,,,,,Can Maintain Accounts/Profiles,%,%,Y,,,,,,,,BOTH,11.2.0.4,0,200714
DROP PROFILE,,,,,,Can Maintain Accounts/Profiles,%,%,Y,,,,,,,,BOTH,11.2.0.4,0,200714
DROP USER,,,,,,Can Maintain Accounts/Profiles,%,%,Y,,,,,,,,BOTH,11.2.0.4,0,200714
