ALTER PROFILE,,,,,,Can Maintain Accounts/Profiles,%,%,Y,,,,,,,0,BOTH,12.1.0.2,0,190716
ALTER SYSTEM,,,,,,Allow Fine Grained Control of System Parameters,%,%,Y,,,,,,,0,BOTH,12.1.0.2,0,190716
ALTER USER,,,,,,Can Maintain Own Account,%,%,Y,,,,,,,0,BOTH,12.1.0.2,0,190716
CHANGE PASSWORD,,,,,,Can Maintain Own Account,%,%,Y,,,,,,,0,BOTH,12.1.0.2,0,190716
CREATE PROFILE,,,,,,Can Maintain Accounts/Profiles,%,%,Y,,,,,,,0,BOTH,12.1.0.2,0,190716
CREATE USER,,,,,,Can Maintain Accounts/Profiles,%,%,Y,,,,,,,0,BOTH,12.1.0.2,0,190716
DROP PROFILE,,,,,,Can Maintain Accounts/Profiles,%,%,Y,,,,,,,0,BOTH,12.1.0.2,0,190716
DROP USER,,,,,,Can Maintain Accounts/Profiles,%,%,Y,,,,,,,0,BOTH,12.1.0.2,0,190716
