ALTER PROFILE,,,,,,Can Maintain Accounts/Profiles,%,%,Y,,,,,,,0,BOTH,12.1.0.2,0,200414
ALTER SYSTEM,,,,,,Allow Fine Grained Control of System Parameters,%,%,Y,,,,,,,0,BOTH,12.1.0.2,0,200414
ALTER USER,,,,,,Can Maintain Own Account,%,%,Y,,,,,,,0,BOTH,12.1.0.2,0,200414
CHANGE PASSWORD,,,,,,Can Maintain Own Account,%,%,Y,,,,,,,0,BOTH,12.1.0.2,0,200414
CREATE PROFILE,,,,,,Can Maintain Accounts/Profiles,%,%,Y,,,,,,,0,BOTH,12.1.0.2,0,200414
CREATE USER,,,,,,Can Maintain Accounts/Profiles,%,%,Y,,,,,,,0,BOTH,12.1.0.2,0,200414
DROP PROFILE,,,,,,Can Maintain Accounts/Profiles,%,%,Y,,,,,,,0,BOTH,12.1.0.2,0,200414
DROP USER,,,,,,Can Maintain Accounts/Profiles,%,%,Y,,,,,,,0,BOTH,12.1.0.2,0,200414
