ALTER PROFILE,,,,,,Can Maintain Accounts/Profiles,%,%,Y,,,,,,,0,PSU,12.1.0.1,0,160719
ALTER SYSTEM,,,,,,Allow Fine Grained Control of System Parameters,%,%,Y,,,,,,,0,PSU,12.1.0.1,0,160719
ALTER USER,,,,,,Can Maintain Own Account,%,%,Y,,,,,,,0,PSU,12.1.0.1,0,160719
CHANGE PASSWORD,,,,,,Can Maintain Own Account,%,%,Y,,,,,,,0,PSU,12.1.0.1,0,160719
CREATE PROFILE,,,,,,Can Maintain Accounts/Profiles,%,%,Y,,,,,,,0,PSU,12.1.0.1,0,160719
CREATE USER,,,,,,Can Maintain Accounts/Profiles,%,%,Y,,,,,,,0,PSU,12.1.0.1,0,160719
DROP PROFILE,,,,,,Can Maintain Accounts/Profiles,%,%,Y,,,,,,,0,PSU,12.1.0.1,0,160719
DROP USER,,,,,,Can Maintain Accounts/Profiles,%,%,Y,,,,,,,0,PSU,12.1.0.1,0,160719
