ALTER PROFILE,,,,,,Can Maintain Accounts/Profiles,%,%,Y,,,,,,,,BOTH,11.2.0.4,0,190416
ALTER SYSTEM,,,,,,Allow Fine Grained Control of System Parameters,%,%,Y,,,,,,,,BOTH,11.2.0.4,0,190416
ALTER USER,,,,,,Can Maintain Own Account,%,%,Y,,,,,,,,BOTH,11.2.0.4,0,190416
CHANGE PASSWORD,,,,,,Can Maintain Own Account,%,%,Y,,,,,,,,BOTH,11.2.0.4,0,190416
CREATE PROFILE,,,,,,Can Maintain Accounts/Profiles,%,%,Y,,,,,,,,BOTH,11.2.0.4,0,190416
CREATE USER,,,,,,Can Maintain Accounts/Profiles,%,%,Y,,,,,,,,BOTH,11.2.0.4,0,190416
DROP PROFILE,,,,,,Can Maintain Accounts/Profiles,%,%,Y,,,,,,,,BOTH,11.2.0.4,0,190416
DROP USER,,,,,,Can Maintain Accounts/Profiles,%,%,Y,,,,,,,,BOTH,11.2.0.4,0,190416
