Database Vault Account Management,Defines the realm for administrators who create and manage database accounts and profiles.,1,,,,Y,,,,0,BOTH,12.1.0.2,0,190716
Oracle Database Vault,"Defines the realm for the Oracle Database Vault schemas - DVSYS, DVF and LBACSYS where Database Vault access control configuration and roles are contained.",1,,,,Y,,,,0,BOTH,12.1.0.2,0,190716
Oracle Default Component Protection Realm,Defines the realm to protect default components of the Oracle database.,1,,,,Y,,,,0,BOTH,12.1.0.2,0,190716
Oracle Default Schema Protection Realm,Defines the realm for the Oracle Default schemas.,1,,,,Y,,,,0,BOTH,12.1.0.2,0,190716
Oracle Enterprise Manager,Defines the Enterprise Manager monitoring and management realm.,1,,,,Y,,,,0,BOTH,12.1.0.2,0,190716
Oracle System Privilege and Role Management Realm,Defines the realm to control granting of system privileges and database administrator roles.,1,,,,Y,,,,0,BOTH,12.1.0.2,0,190716
