Database Vault Account Management,Defines the realm for administrators who create and manage database accounts and profiles.,1,,,,Y,,,,,BP,11.2.0.4,0,201020
Database Vault Account Management,Defines the realm for administrators who create and manage database accounts and profiles.,1,,,,Y,,,,,PSU,11.2.0.4,0,210119
Oracle Data Dictionary,"Defines the realm for the Oracle Catalog schemas, SYS, SYSTEM, SYSMAN, MDSYS, etc. Also controls the ability to grant system privileges and database administrator roles.",1,,,,Y,,,,,BP,11.2.0.4,0,201020
Oracle Data Dictionary,"Defines the realm for the Oracle Catalog schemas, SYS, SYSTEM, SYSMAN, MDSYS, etc. Also controls the ability to grant system privileges and database administrator roles.",1,,,,Y,,,,,PSU,11.2.0.4,0,210119
Oracle Database Vault,"Defines the realm for the Oracle Database Vault schemas - DVSYS, DVF and LBACSYS where Database Vault access control configuration and roles are contained.",1,,,,Y,,,,,BP,11.2.0.4,0,201020
Oracle Database Vault,"Defines the realm for the Oracle Database Vault schemas - DVSYS, DVF and LBACSYS where Database Vault access control configuration and roles are contained.",1,,,,Y,,,,,PSU,11.2.0.4,0,210119
Oracle Enterprise Manager,Defines the Enterprise Manager monitoring and management realm.,1,,,,Y,,,,,BP,11.2.0.4,0,201020
Oracle Enterprise Manager,Defines the Enterprise Manager monitoring and management realm.,1,,,,Y,,,,,PSU,11.2.0.4,0,210119
