Database Vault Account Management,,,DV_ACCTMGR,,Owner,,,,BOTH,11.2.0.4,0,190416
Oracle Data Dictionary,,,SYS,,Owner,,,,BOTH,11.2.0.4,0,190416
Oracle Database Vault,,,DVSYS,,Owner,,,,BOTH,11.2.0.4,0,190416
Oracle Database Vault,,,DV_ADMIN,,Participant,,,,BOTH,11.2.0.4,0,190416
Oracle Database Vault,,,DV_OWNER,,Owner,,,,BOTH,11.2.0.4,0,190416
Oracle Database Vault,,,LBACSYS,,Owner,,,,BOTH,11.2.0.4,0,190416
Oracle Enterprise Manager,,,DBSNMP,,Owner,,,,BOTH,11.2.0.4,0,190416
Oracle Enterprise Manager,,,SYSMAN,,Owner,,,,BOTH,11.2.0.4,0,190416
Oracle Enterprise Manager,,,SYSTEM,,Owner,,,,BOTH,11.2.0.4,0,190416
