Allow Fine Grained Control of System Parameters,Fine Grained Rule set to control the ability to set system init parameters.,Y,All True,1,Show Error Message,,,0,,FALSE,,,,,0,BOTH,12.1.0.2,0,190416
Allow Sessions,Rule set that controls the ability to create a session in the database.,Y,All True,1,Show Error Message,,,0,,FALSE,,,,,0,BOTH,12.1.0.2,0,190416
Allow System Parameters,Rule set that controls the ability to set system init parameters.,Y,All True,1,Show Error Message,,,0,,FALSE,,,,,0,BOTH,12.1.0.2,0,190416
Can Grant VPD Administration,Rule set that controls the ability to GRANT EXECUTE privileges on the Oracle VPD DBMS_RLS package.,Y,All True,1,Show Error Message,,,0,,FALSE,,,,,0,BOTH,12.1.0.2,0,190416
Can Maintain Accounts/Profiles,Rule set that controls the roles that can manage user accounts and profiles.,Y,All True,1,Show Error Message,,,0,,FALSE,,,,,0,BOTH,12.1.0.2,0,190416
Can Maintain Own Account,Rule set that controls the roles that can manage user accounts and profiles or your own account.,Y,Any True,1,Show Error Message,,,0,,FALSE,,,,,0,BOTH,12.1.0.2,0,190416
Disabled,Convenience rule set to quickly disable system features.,Y,All True,0,Show Error Message,,,0,,FALSE,,,,,0,BOTH,12.1.0.2,0,190416
Enabled,Convenience rule set to quickly enable system features.,Y,All True,0,Show Error Message,,,0,,FALSE,,,,,0,BOTH,12.1.0.2,0,190416
