FLOWS_FILES,APEX_030200,WWV_FLOW_COMPANIES,PROVISIONING_COMPANY_ID,APEX_030200,REFERENCES,NO,,,,BP,11.2.0.4,0,201020
FLOWS_FILES,APEX_030200,WWV_FLOW_COMPANIES,PROVISIONING_COMPANY_ID,APEX_030200,REFERENCES,NO,,,,PSU,11.2.0.4,0,210119
IMP_FULL_DATABASE,SYS,KET$_CLIENT_CONFIG,FIELD_1,SYS,UPDATE,NO,,,,BP,11.2.0.4,0,201020
IMP_FULL_DATABASE,SYS,KET$_CLIENT_CONFIG,FIELD_1,SYS,UPDATE,NO,,,,PSU,11.2.0.4,0,210119
IMP_FULL_DATABASE,SYS,KET$_CLIENT_CONFIG,FIELD_2,SYS,UPDATE,NO,,,,BP,11.2.0.4,0,201020
IMP_FULL_DATABASE,SYS,KET$_CLIENT_CONFIG,FIELD_2,SYS,UPDATE,NO,,,,PSU,11.2.0.4,0,210119
IMP_FULL_DATABASE,SYS,KET$_CLIENT_CONFIG,FIELD_3,SYS,UPDATE,NO,,,,BP,11.2.0.4,0,201020
IMP_FULL_DATABASE,SYS,KET$_CLIENT_CONFIG,FIELD_3,SYS,UPDATE,NO,,,,PSU,11.2.0.4,0,210119
