FLOWS_FILES,APEX_040200,WWV_FLOW_COMPANIES,PROVISIONING_COMPANY_ID,APEX_040200,REFERENCES,NO,,NO,1,PSU,12.1.0.1,0,160719
FLOWS_FILES,APEX_040200,WWV_FLOW_COMPANIES,PROVISIONING_COMPANY_ID,APEX_040200,REFERENCES,NO,,YES,2,PSU,12.1.0.1,0,160719
FLOWS_FILES,APEX_040200,WWV_FLOW_COMPANIES,PROVISIONING_COMPANY_ID,APEX_040200,REFERENCES,NO,,YES,3,PSU,12.1.0.1,0,160719
IMP_FULL_DATABASE,SYS,KET$_CLIENT_CONFIG,FIELD_1,SYS,UPDATE,NO,,YES,0,PSU,12.1.0.1,0,160719
IMP_FULL_DATABASE,SYS,KET$_CLIENT_CONFIG,FIELD_2,SYS,UPDATE,NO,,YES,0,PSU,12.1.0.1,0,160719
IMP_FULL_DATABASE,SYS,KET$_CLIENT_CONFIG,FIELD_3,SYS,UPDATE,NO,,YES,0,PSU,12.1.0.1,0,160719
